phase,epoch,train_loss,train_acc,val_loss,val_acc,val_auc,lr,elapsed_s
1,1,0.408408,0.578132,1.454536,0.296,0.379935,0.001,3300.6
1,2,0.399083,0.582834,1.434062,0.300635,0.380819,0.001,3358.9
1,3,0.396362,0.58421,1.701799,0.287873,0.368037,0.001,5177.9
1,4,0.396183,0.584742,1.572071,0.296444,0.36898,0.001,4438.5
